email;password
adrian.strimbanu@endava.com;Test1234!
adrian.strimbanu+1@endava.com;Test1234!
adrian.strimbanu+2@endava.com;Test1234!
adrian.strimbanu+3@endava.com;Test1234!
adrian.strimbanu+4@endava.com;Test1234!
adrian.strimbanu+5@endava.com;Test1234!
adrian.strimbanu+6@endava.com;Test1234!
adrian.strimbanu+7@endava.com;Test1234!
adrian.strimbanu+8@endava.com;Test1234!
adrian.strimbanu+9@endava.com;Test1234!
adrian.strimbanu+10@endava.com;Test1234!
adrian.strimbanu+11@endava.com;Test1234!
adrian.strimbanu+12@endava.com;Test1234!
adrian.strimbanu+13@endava.com;Test1234!
adrian.strimbanu+14@endava.com;Test1234!
adrian.strimbanu+15@endava.com;Test1234!
adrian.strimbanu+16@endava.com;Test1234!
adrian.strimbanu+17@endava.com;Test1234!
adrian.strimbanu+18@endava.com;Test1234!
adrian.strimbanu+20@endava.com;Test1234!
adrian.strimbanu+19@endava.com;Test1234!